{"schemaVersion":"1.0","appDefinitionTemplate":{"id":"/providers/Microsoft.PowerApps/apps/","type":"Microsoft.PowerApps/apps","tags":{"primaryDeviceWidth":"640","primaryDeviceHeight":"1136","sienaVersion":"20191006T034520Z-3.19093.16.0","deviceCapabilities":"webcam","supportsPortrait":"true","supportsLandscape":"false","primaryFormFactor":"Phone","publisherVersion":"3.19093.16","minimumRequiredApiVersion":"2.2.0","hasComponent":"false","hasNonOOBComponent":"false"},"properties":{"appVersion":"2019-10-06T03:45:20Z","lifeCycleId":"Published","createdByClientVersion":{"major":3,"minor":19093,"build":16,"revision":0,"majorRevision":0,"minorRevision":0},"minClientVersion":{"major":3,"minor":19093,"build":16,"revision":0,"majorRevision":0,"minorRevision":0},"backgroundColor":"rgba(0, 176, 240, 1)","backgroundImageUri":"/17245052333405352878/N51d66ec4-a60a-4ba5-abc9-83c8a56c7991-logoSmallFile","displayName":"PMS","description":"","commitMessage":"","appUris":{"documentUri":{"value":"/17245052333405352878/N3fe8e75c-2b12-4097-9166-556e2785ea6f-document.msapp","readonlyValue":"/17245052333405352878/N3fe8e75c-2b12-4097-9166-556e2785ea6f-document.msapp"},"imageUris":[]},"createdTime":"0001-01-01T00:00:00Z","lastModifiedTime":"0001-01-01T00:00:00Z","sharedGroupsCount":0,"sharedUsersCount":0,"icons":{"smallIconUri":"/17245052333405352878/N626fda36-4f9e-44c2-bb06-5c3355216f23-small.png","mediumIconUri":"/17245052333405352878/N103935e6-6b3e-4f11-82b6-1b82f77603e7-medium.png","largeIconUri":"/17245052333405352878/Nd04ef66c-d12d-4098-99a8-e71930d2bb7e-large.png","wideIconUri":"/17245052333405352878/Ne86c9e2c-90e3-4952-bc5c-cf76957fa631-wide.png"},"connectionReferences":{"5d0641ed-77b8-4491-91e4-27770356425b":{"id":"e6099fb9-f523-496d-8cf2-8b4ca41487a0","displayName":"Office 365 Outlook","iconUri":"https://connectoricons-prod.azureedge.net/office365/icon_1.0.1254.1705.png","dataSources":["Office365"],"dependencies":[],"dependents":[],"parameterHints":{},"isOnPremiseConnection":false,"bypassConsent":false,"dataSets":{},"apiTier":"Standard","isCustomApiConnection":false}},"databaseReferences":{"default.cds":{"databaseDetails":{"referenceType":"Environmental","environmentName":"default.cds"},"dataSources":{"Appointments":{"entitySetName":"appointments","logicalName":"appointment"},"Prescriptions":{"entitySetName":"diyd365_prescriptions","logicalName":"diyd365_prescription"},"Products":{"entitySetName":"products","logicalName":"product"},"Contacts":{"entitySetName":"contacts","logicalName":"contact"},"Accounts":{"entitySetName":"accounts","logicalName":"account"}}}},"almMode":"Environment"},"appComponents":[]}}