{"schemaVersion":"1.0","appDefinitionTemplate":{"id":"/providers/Microsoft.PowerApps/apps/","type":"Microsoft.PowerApps/apps","tags":{"primaryDeviceWidth":"1136","primaryDeviceHeight":"640","sienaVersion":"20190910T014132Z-3.19084.12.0","deviceCapabilities":"webcam","supportsPortrait":"false","supportsLandscape":"true","primaryFormFactor":"Phone","publisherVersion":"3.19084.12","minimumRequiredApiVersion":"2.2.0","hasComponent":"false"},"properties":{"appVersion":"2019-09-10T01:41:32Z","lifeCycleId":"Published","createdByClientVersion":{"major":3,"minor":19084,"build":12,"revision":0,"majorRevision":0,"minorRevision":0},"minClientVersion":{"major":3,"minor":19084,"build":12,"revision":0,"majorRevision":0,"minorRevision":0},"backgroundColor":"rgba(0, 176, 240, 1)","backgroundImageUri":"/8189914158953079592/N2acdbb94-9330-43c7-8bf5-b28e2c6aec67-logoSmallFile","displayName":"PMS Tab","description":"","commitMessage":"","appUris":{"documentUri":{"value":"/8189914158953079592/Nf2172b08-01d8-478c-bde9-35480f329eeb-document.msapp","readonlyValue":"/8189914158953079592/Nf2172b08-01d8-478c-bde9-35480f329eeb-document.msapp"},"imageUris":[]},"createdTime":"0001-01-01T00:00:00Z","lastModifiedTime":"0001-01-01T00:00:00Z","sharedGroupsCount":0,"sharedUsersCount":0,"icons":{"smallIconUri":"/8189914158953079592/Nee77ea05-3a30-4636-b553-61508767ca1e-small.png","mediumIconUri":"/8189914158953079592/Ndbca44a5-e428-4a1d-860a-8a31292881a2-medium.png","largeIconUri":"/8189914158953079592/N71a1f2f2-7241-414a-9927-4832b2afa6cb-large.png","wideIconUri":"/8189914158953079592/N6545ee39-3f33-41b2-a0f8-9993111d2fbe-wide.png"},"connectionReferences":{"5d0641ed-77b8-4491-91e4-27770356425b":{"id":"e6099fb9-f523-496d-8cf2-8b4ca41487a0","displayName":"Office 365 Outlook","iconUri":"https://connectoricons-prod.azureedge.net/office365/icon_1.0.1249.1690.png","dataSources":["Office365"],"dependencies":[],"dependents":[],"parameterHints":{},"isOnPremiseConnection":false,"bypassConsent":false,"dataSets":{},"apiTier":"Standard","isCustomApiConnection":false}},"databaseReferences":{"default.cds":{"databaseDetails":{"referenceType":"Environmental","environmentName":"default.cds"},"dataSources":{"Appointments":{"entitySetName":"appointments","logicalName":"appointment"},"Prescriptions":{"entitySetName":"diyd365_prescriptions","logicalName":"diyd365_prescription"},"Products":{"entitySetName":"products","logicalName":"product"},"Contacts":{"entitySetName":"contacts","logicalName":"contact"}}}},"almMode":"Environment"},"appComponents":[]}}