<ImportExportXml version="9.1.0.13535" SolutionPackageVersion="9.1" languagecode="1033" generatedBy="CrmLive" xmlns:xsi="http://www.w3.org/2001/XMLSchema-instance">
  <SolutionManifest>
    <UniqueName>PatientManagement</UniqueName>
    <LocalizedNames>
      <LocalizedName description="Patient Management" languagecode="1033" />
    </LocalizedNames>
    <Descriptions />
    <Version>1.0.0.0</Version>
    <Managed>0</Managed>
    <Publisher>
      <UniqueName>diyd365</UniqueName>
      <LocalizedNames>
        <LocalizedName description="DIY D365" languagecode="1033" />
      </LocalizedNames>
      <Descriptions />
      <EMailAddress xsi:nil="true"></EMailAddress>
      <SupportingWebsiteUrl>https://www.diyd365.com</SupportingWebsiteUrl>
      <CustomizationPrefix>diyd365</CustomizationPrefix>
      <CustomizationOptionValuePrefix>35004</CustomizationOptionValuePrefix>
      <Addresses>
        <Address>
          <AddressNumber>1</AddressNumber>
          <AddressTypeCode>1</AddressTypeCode>
          <City xsi:nil="true"></City>
          <County xsi:nil="true"></County>
          <Country>Australia</Country>
          <Fax xsi:nil="true"></Fax>
          <FreightTermsCode xsi:nil="true"></FreightTermsCode>
          <ImportSequenceNumber xsi:nil="true"></ImportSequenceNumber>
          <Latitude xsi:nil="true"></Latitude>
          <Line1 xsi:nil="true"></Line1>
          <Line2 xsi:nil="true"></Line2>
          <Line3 xsi:nil="true"></Line3>
          <Longitude xsi:nil="true"></Longitude>
          <Name xsi:nil="true"></Name>
          <PostalCode xsi:nil="true"></PostalCode>
          <PostOfficeBox xsi:nil="true"></PostOfficeBox>
          <PrimaryContactName xsi:nil="true"></PrimaryContactName>
          <ShippingMethodCode>1</ShippingMethodCode>
          <StateOrProvince>QLD</StateOrProvince>
          <Telephone1 xsi:nil="true"></Telephone1>
          <Telephone2 xsi:nil="true"></Telephone2>
          <Telephone3 xsi:nil="true"></Telephone3>
          <TimeZoneRuleVersionNumber xsi:nil="true"></TimeZoneRuleVersionNumber>
          <UPSZone xsi:nil="true"></UPSZone>
          <UTCOffset xsi:nil="true"></UTCOffset>
          <UTCConversionTimeZoneCode xsi:nil="true"></UTCConversionTimeZoneCode>
        </Address>
        <Address>
          <AddressNumber>2</AddressNumber>
          <AddressTypeCode>1</AddressTypeCode>
          <City xsi:nil="true"></City>
          <County xsi:nil="true"></County>
          <Country xsi:nil="true"></Country>
          <Fax xsi:nil="true"></Fax>
          <FreightTermsCode xsi:nil="true"></FreightTermsCode>
          <ImportSequenceNumber xsi:nil="true"></ImportSequenceNumber>
          <Latitude xsi:nil="true"></Latitude>
          <Line1 xsi:nil="true"></Line1>
          <Line2 xsi:nil="true"></Line2>
          <Line3 xsi:nil="true"></Line3>
          <Longitude xsi:nil="true"></Longitude>
          <Name xsi:nil="true"></Name>
          <PostalCode xsi:nil="true"></PostalCode>
          <PostOfficeBox xsi:nil="true"></PostOfficeBox>
          <PrimaryContactName xsi:nil="true"></PrimaryContactName>
          <ShippingMethodCode>1</ShippingMethodCode>
          <StateOrProvince xsi:nil="true"></StateOrProvince>
          <Telephone1 xsi:nil="true"></Telephone1>
          <Telephone2 xsi:nil="true"></Telephone2>
          <Telephone3 xsi:nil="true"></Telephone3>
          <TimeZoneRuleVersionNumber xsi:nil="true"></TimeZoneRuleVersionNumber>
          <UPSZone xsi:nil="true"></UPSZone>
          <UTCOffset xsi:nil="true"></UTCOffset>
          <UTCConversionTimeZoneCode xsi:nil="true"></UTCConversionTimeZoneCode>
        </Address>
      </Addresses>
    </Publisher>
    <RootComponents>
      <RootComponent type="1" schemaName="account" behavior="0" />
      <RootComponent type="1" schemaName="appointment" behavior="0" />
      <RootComponent type="1" schemaName="bookableresourcebooking" behavior="2" />
      <RootComponent type="1" schemaName="contact" behavior="2" />
      <RootComponent type="1" schemaName="diyd365_prescription" behavior="0" />
      <RootComponent type="1" schemaName="msdyn_resourcerequirement" behavior="2" />
      <RootComponent type="1" schemaName="product" behavior="0" />
      <RootComponent type="29" id="{0871f6fa-2ca4-4bc3-ab69-ae12d5c080b2}" behavior="0" />
      <RootComponent type="29" id="{1f691730-2eac-426f-a772-83d322ee7ee2}" behavior="0" />
      <RootComponent type="29" id="{214b70d3-b07e-473b-b67b-1a7a7be1e1fb}" behavior="0" />
      <RootComponent type="29" id="{3380ce15-ee22-422b-8ac0-2a2f23a44997}" behavior="0" />
      <RootComponent type="29" id="{5fe0a203-d3e7-43c2-9cb9-a1f0777ea3af}" behavior="0" />
      <RootComponent type="29" id="{bd42729e-f258-42a1-b96f-3d37016d23e8}" behavior="0" />
      <RootComponent type="60" id="{1238c09c-11f9-459b-96d5-5212f7ecb2c9}" behavior="0" />
      <RootComponent type="60" id="{15915835-b87c-49ec-9ffc-bfac3ac44ef1}" behavior="0" />
      <RootComponent type="60" id="{a72c7955-442b-4ea4-9499-b10cd18b4256}" behavior="0" />
      <RootComponent type="60" id="{ec39afc2-3cd4-e911-a98f-000d3a18b000}" behavior="0" />
      <RootComponent type="60" id="{fdf068bd-7342-46ce-be7d-58a7bd12598c}" behavior="0" />
      <RootComponent type="62" schemaName="diyd365_PatientManagementApp" behavior="0" />
      <RootComponent type="80" schemaName="diyd365_PatientManagementApp" behavior="0" />
    </RootComponents>
    <MissingDependencies>
      <MissingDependency>
        <Required key="0" type="1" schemaName="bookableresourcebooking" displayName="Bookable Resource Booking" solution="msdynce_Scheduling (9.0.0.0)" />
        <Dependent key="0" type="1" schemaName="bookableresourcebooking" displayName="Bookable Resource Booking" />
      </MissingDependency>
      <MissingDependency>
        <Required key="1" type="1" schemaName="msdyn_resourcerequirement" displayName="Resource Requirement" solution="MicrosoftDynamicsScheduling (3.9.0.42)" />
        <Dependent key="1" type="1" schemaName="msdyn_resourcerequirement" displayName="Resource Requirement" />
      </MissingDependency>
      <MissingDependency>
        <Required key="2" type="1" schemaName="product" displayName="Product" solution="msdynce_ProductManagement (9.0.4.0066)" />
        <Dependent key="2" type="1" schemaName="product" displayName="Product" />
      </MissingDependency>
      <MissingDependency>
        <Required key="0" type="1" schemaName="bookableresourcebooking" displayName="Bookable Resource Booking" solution="msdynce_Scheduling (9.0.0.0)" />
        <Dependent key="3" type="2" schemaName="msdyn_appointmentbookingidname" parentSchemaName="bookableresourcebooking" parentDisplayName="Bookable Resource Booking" />
      </MissingDependency>
      <MissingDependency>
        <Required key="1" type="1" schemaName="msdyn_resourcerequirement" displayName="Resource Requirement" solution="MicrosoftDynamicsScheduling (3.9.0.42)" />
        <Dependent key="4" type="2" schemaName="msdyn_appointmentrequirementidname" parentSchemaName="msdyn_resourcerequirement" parentDisplayName="Resource Requirement" />
      </MissingDependency>
      <MissingDependency>
        <Required key="5" type="1" schemaName="msdyn_actual" displayName="Actual" solution="MicrosoftDynamicsScheduling (3.9.0.42)" />
        <Dependent key="6" type="1" schemaName="account" displayName="Account" />
      </MissingDependency>
      <MissingDependency>
        <Required key="7" type="1" schemaName="msdyn_project" displayName="Project" solution="ProjectService (3.9.0.1)" />
        <Dependent key="6" type="1" schemaName="account" displayName="Account" />
      </MissingDependency>
      <MissingDependency>
        <Required key="8" type="1" schemaName="msdyn_entitlementapplication" displayName="Entitlement Application" solution="FieldService (8.8.0.88)" />
        <Dependent key="6" type="1" schemaName="account" displayName="Account" />
      </MissingDependency>
      <MissingDependency>
        <Required key="9" type="1" schemaName="opportunityproduct" displayName="Opportunity Line" solution="msdynce_Sales (9.0.4.0076)" />
        <Dependent key="6" type="1" schemaName="account" displayName="Account" />
      </MissingDependency>
      <MissingDependency>
        <Required key="10" type="1" schemaName="msdyn_agreement" displayName="Agreement" solution="FieldService (8.8.0.88)" />
        <Dependent key="6" type="1" schemaName="account" displayName="Account" />
      </MissingDependency>
      <MissingDependency>
        <Required key="0" type="1" schemaName="bookableresourcebooking" displayName="Bookable Resource Booking" solution="msdynce_Scheduling (9.0.0.0)" />
        <Dependent key="11" type="10" schemaName="msdyn_appointment_bookableresourcebooking" displayName="msdyn_appointment_bookableresourcebooking" parentSchemaName="bookableresourcebooking" parentDisplayName="Bookable Resource Booking" />
      </MissingDependency>
      <MissingDependency>
        <Required key="12" type="1" schemaName="msdyn_fieldservicesetting" displayName="Field Service Setting" solution="FieldService (8.8.0.88)" />
        <Dependent key="2" type="1" schemaName="product" displayName="Product" />
      </MissingDependency>
      <MissingDependency>
        <Required key="13" type="1" schemaName="msdyn_mostcontacted" displayName="Most Contacted" solution="RelationshipAnalytics (9.0.1.0310)" />
        <Dependent key="6" type="1" schemaName="account" displayName="Account" />
      </MissingDependency>
      <MissingDependency>
        <Required key="14" type="1" schemaName="msdyn_iotdevice" displayName="IoT Device" solution="IoTConnector (1.7.7.107)" />
        <Dependent key="6" type="1" schemaName="account" displayName="Account" />
      </MissingDependency>
      <MissingDependency>
        <Required key="15" type="1" schemaName="adx_invitation" displayName="Invitation" solution="MicrosoftCrmPortalBase (9.0.12.10)" />
        <Dependent key="6" type="1" schemaName="account" displayName="Account" />
      </MissingDependency>
      <MissingDependency>
        <Required key="16" type="1" schemaName="quote" displayName="Quote" solution="msdynce_Sales (9.0.4.0076)" />
        <Dependent key="6" type="1" schemaName="account" displayName="Account" />
      </MissingDependency>
      <MissingDependency>
        <Required key="17" type="1" schemaName="msdyn_rma" displayName="RMA" solution="FieldService (8.8.0.88)" />
        <Dependent key="6" type="1" schemaName="account" displayName="Account" />
      </MissingDependency>
      <MissingDependency>
        <Required key="18" type="1" schemaName="msdyn_agreementinvoiceproduct" displayName="Agreement Invoice Product" solution="FieldService (8.8.0.88)" />
        <Dependent key="2" type="1" schemaName="product" displayName="Product" />
      </MissingDependency>
      <MissingDependency>
        <Required key="19" type="1" schemaName="msdyn_customerasset" displayName="Device" solution="FieldService (8.8.0.88)" />
        <Dependent key="2" type="1" schemaName="product" displayName="Product" />
      </MissingDependency>
      <MissingDependency>
        <Required key="20" type="1" schemaName="msdyn_quotebookingproduct" displayName="Quote Booking Product" solution="FieldService (8.8.0.88)" />
        <Dependent key="2" type="1" schemaName="product" displayName="Product" />
      </MissingDependency>
      <MissingDependency>
        <Required key="19" type="1" schemaName="msdyn_customerasset" displayName="Device" solution="FieldService (8.8.0.88)" />
        <Dependent key="6" type="1" schemaName="account" displayName="Account" />
      </MissingDependency>
      <MissingDependency>
        <Required key="21" type="1" schemaName="msdyn_fact" displayName="Fact" solution="ProjectService (3.9.0.1)" />
        <Dependent key="6" type="1" schemaName="account" displayName="Account" />
      </MissingDependency>
      <MissingDependency>
        <Required key="22" type="1" schemaName="msdyn_fieldcomputation" displayName="Field Computation" solution="ProjectService (3.9.0.1)" />
        <Dependent key="2" type="1" schemaName="product" displayName="Product" />
      </MissingDependency>
      <MissingDependency>
        <Required key="23" type="1" schemaName="msdyn_incidenttypeservice" displayName="Incident Type Service" solution="FieldService (8.8.0.88)" />
        <Dependent key="2" type="1" schemaName="product" displayName="Product" />
      </MissingDependency>
      <MissingDependency>
        <Required key="24" type="1" schemaName="msdyn_agreementbookingservice" displayName="Agreement Booking Service" solution="FieldService (8.8.0.88)" />
        <Dependent key="2" type="1" schemaName="product" displayName="Product" />
      </MissingDependency>
      <MissingDependency>
        <Required key="25" type="1" schemaName="msdyn_journalline" displayName="Journal Line" solution="ProjectService (3.9.0.1)" />
        <Dependent key="2" type="1" schemaName="product" displayName="Product" />
      </MissingDependency>
      <MissingDependency>
        <Required key="26" type="1" schemaName="msdyn_invoicelinetransaction" displayName="Invoice Line Detail" solution="ProjectService (3.9.0.1)" />
        <Dependent key="6" type="1" schemaName="account" displayName="Account" />
      </MissingDependency>
      <MissingDependency>
        <Required key="27" type="1" schemaName="msdyn_workorderproduct" displayName="Work Order Product" solution="FieldService (8.8.0.88)" />
        <Dependent key="2" type="1" schemaName="product" displayName="Product" />
      </MissingDependency>
      <MissingDependency>
        <Required key="28" type="1" schemaName="msdyn_rmaproduct" displayName="RMA Product" solution="FieldService (8.8.0.88)" />
        <Dependent key="6" type="1" schemaName="account" displayName="Account" />
      </MissingDependency>
      <MissingDependency>
        <Required key="29" type="1" schemaName="msdyn_workorder" displayName="Work Order" solution="FieldService (8.8.0.88)" />
        <Dependent key="6" type="1" schemaName="account" displayName="Account" />
      </MissingDependency>
      <MissingDependency>
        <Required key="30" type="1" schemaName="msdyn_fieldservicepricelistitem" displayName="Field Service Price List Item" solution="FieldService (8.8.0.88)" />
        <Dependent key="2" type="1" schemaName="product" displayName="Product" />
      </MissingDependency>
      <MissingDependency>
        <Required key="31" type="1" schemaName="msdyn_purchaseorderproduct" displayName="Purchase Order Product" solution="FieldService (8.8.0.88)" />
        <Dependent key="2" type="1" schemaName="product" displayName="Product" />
      </MissingDependency>
      <MissingDependency>
        <Required key="32" type="1" schemaName="salesorder" displayName="Order" solution="msdynce_Sales (9.0.4.0076)" />
        <Dependent key="6" type="1" schemaName="account" displayName="Account" />
      </MissingDependency>
      <MissingDependency>
        <Required key="33" type="1" schemaName="msdyn_estimateline" displayName="Estimate Line" solution="ProjectService (3.9.0.1)" />
        <Dependent key="6" type="1" schemaName="account" displayName="Account" />
      </MissingDependency>
      <MissingDependency>
        <Required key="34" type="1" schemaName="msdyn_orderlinetransaction" displayName="Project Contract Line Detail" solution="ProjectService (3.9.0.1)" />
        <Dependent key="6" type="1" schemaName="account" displayName="Account" />
      </MissingDependency>
      <MissingDependency>
        <Required key="35" type="1" schemaName="msdyn_agreementbookingproduct" displayName="Agreement Booking Product" solution="FieldService (8.8.0.88)" />
        <Dependent key="2" type="1" schemaName="product" displayName="Product" />
      </MissingDependency>
      <MissingDependency>
        <Required key="36" type="1" schemaName="msdyn_quotelinetransaction" displayName="Quote Line Detail" solution="ProjectService (3.9.0.1)" />
        <Dependent key="6" type="1" schemaName="account" displayName="Account" />
      </MissingDependency>
      <MissingDependency>
        <Required key="37" type="1" schemaName="msdyn_quotebookingservice" displayName="Quote Booking Service" solution="FieldService (8.8.0.88)" />
        <Dependent key="2" type="1" schemaName="product" displayName="Product" />
      </MissingDependency>
      <MissingDependency>
        <Required key="38" type="1" schemaName="msdyn_opportunitylinetransaction" displayName="Opportunity Line Detail (Deprecated)" solution="ProjectService (3.9.0.1)" />
        <Dependent key="6" type="1" schemaName="account" displayName="Account" />
      </MissingDependency>
      <MissingDependency>
        <Required key="39" type="1" schemaName="msdyn_mostcontactedby" displayName="Most Contacted By" solution="RelationshipAnalytics (9.0.1.0310)" />
        <Dependent key="6" type="1" schemaName="account" displayName="Account" />
      </MissingDependency>
      <MissingDependency>
        <Required key="40" type="1" schemaName="msdyn_workorderservice" displayName="Work Order Service" solution="FieldService (8.8.0.88)" />
        <Dependent key="2" type="1" schemaName="product" displayName="Product" />
      </MissingDependency>
      <MissingDependency>
        <Required key="41" type="1" schemaName="campaign" displayName="Campaign" solution="msdynce_Marketing (9.0.4.37)" />
        <Dependent key="6" type="1" schemaName="account" displayName="Account" />
      </MissingDependency>
      <MissingDependency>
        <Required key="42" type="1" schemaName="msdyn_workorderresourcerestriction" displayName="Resource Restriction (Deprecated)" solution="FieldService (8.8.0.88)" />
        <Dependent key="6" type="1" schemaName="account" displayName="Account" />
      </MissingDependency>
      <MissingDependency>
        <Required key="43" type="1" schemaName="msdyn_requirementresourcepreference" displayName="Requirement Resource Preference" solution="MicrosoftDynamicsScheduling (3.9.0.42)" />
        <Dependent key="6" type="1" schemaName="account" displayName="Account" />
      </MissingDependency>
      <MissingDependency>
        <Required key="44" type="1" schemaName="quotedetail" displayName="Quote Line" solution="msdynce_Sales (9.0.4.0076)" />
        <Dependent key="6" type="1" schemaName="account" displayName="Account" />
      </MissingDependency>
      <MissingDependency>
        <Required key="25" type="1" schemaName="msdyn_journalline" displayName="Journal Line" solution="ProjectService (3.9.0.1)" />
        <Dependent key="6" type="1" schemaName="account" displayName="Account" />
      </MissingDependency>
      <MissingDependency>
        <Required key="28" type="1" schemaName="msdyn_rmaproduct" displayName="RMA Product" solution="FieldService (8.8.0.88)" />
        <Dependent key="2" type="1" schemaName="product" displayName="Product" />
      </MissingDependency>
      <MissingDependency>
        <Required key="45" type="1" schemaName="msdyn_inventoryjournal" displayName="Inventory Journal" solution="FieldService (8.8.0.88)" />
        <Dependent key="2" type="1" schemaName="product" displayName="Product" />
      </MissingDependency>
      <MissingDependency>
        <Required key="46" type="1" schemaName="msdyn_purchaseorder" displayName="Purchase Order" solution="FieldService (8.8.0.88)" />
        <Dependent key="6" type="1" schemaName="account" displayName="Account" />
      </MissingDependency>
      <MissingDependency>
        <Required key="47" type="1" schemaName="msdyn_rtv" displayName="RTV" solution="FieldService (8.8.0.88)" />
        <Dependent key="6" type="1" schemaName="account" displayName="Account" />
      </MissingDependency>
      <MissingDependency>
        <Required key="48" type="1" schemaName="msdyn_quoteinvoicingproduct" displayName="Quote Invoicing Product" solution="FieldService (8.8.0.88)" />
        <Dependent key="2" type="1" schemaName="product" displayName="Product" />
      </MissingDependency>
      <MissingDependency>
        <Required key="38" type="1" schemaName="msdyn_opportunitylinetransaction" displayName="Opportunity Line Detail (Deprecated)" solution="ProjectService (3.9.0.1)" />
        <Dependent key="2" type="1" schemaName="product" displayName="Product" />
      </MissingDependency>
      <MissingDependency>
        <Required key="33" type="1" schemaName="msdyn_estimateline" displayName="Estimate Line" solution="ProjectService (3.9.0.1)" />
        <Dependent key="2" type="1" schemaName="product" displayName="Product" />
      </MissingDependency>
      <MissingDependency>
        <Required key="49" type="1" schemaName="msdyn_payment" displayName="Payment" solution="FieldService (8.8.0.88)" />
        <Dependent key="6" type="1" schemaName="account" displayName="Account" />
      </MissingDependency>
      <MissingDependency>
        <Required key="50" type="1" schemaName="msdyn_accountkpiitem" displayName="Account KPI Item" solution="RelationshipAnalytics (9.0.1.0310)" />
        <Dependent key="6" type="1" schemaName="account" displayName="Account" />
      </MissingDependency>
      <MissingDependency>
        <Required key="51" type="1" schemaName="msdyn_accountpricelist" displayName="Account Project Price List" solution="ProjectService (3.9.0.1)" />
        <Dependent key="6" type="1" schemaName="account" displayName="Account" />
      </MissingDependency>
      <MissingDependency>
        <Required key="52" type="1" schemaName="msdyn_productinventory" displayName="Product Inventory" solution="FieldService (8.8.0.88)" />
        <Dependent key="2" type="1" schemaName="product" displayName="Product" />
      </MissingDependency>
      <MissingDependency>
        <Required key="53" type="1" schemaName="msdyn_geofence" displayName="Geofence" solution="msdyn_Geofencing (1.0.0.238)" />
        <Dependent key="6" type="1" schemaName="account" displayName="Account" />
      </MissingDependency>
      <MissingDependency>
        <Required key="54" type="1" schemaName="msdyn_incidenttypeproduct" displayName="Incident Type Product" solution="FieldService (8.8.0.88)" />
        <Dependent key="2" type="1" schemaName="product" displayName="Product" />
      </MissingDependency>
      <MissingDependency>
        <Required key="5" type="1" schemaName="msdyn_actual" displayName="Actual" solution="MicrosoftDynamicsScheduling (3.9.0.42)" />
        <Dependent key="2" type="1" schemaName="product" displayName="Product" />
      </MissingDependency>
      <MissingDependency>
        <Required key="55" type="1" schemaName="opportunity" displayName="Opportunity" solution="msdynce_Sales (9.0.4.0076)" />
        <Dependent key="6" type="1" schemaName="account" displayName="Account" />
      </MissingDependency>
      <MissingDependency>
        <Required key="26" type="1" schemaName="msdyn_invoicelinetransaction" displayName="Invoice Line Detail" solution="ProjectService (3.9.0.1)" />
        <Dependent key="2" type="1" schemaName="product" displayName="Product" />
      </MissingDependency>
      <MissingDependency>
        <Required key="21" type="1" schemaName="msdyn_fact" displayName="Fact" solution="ProjectService (3.9.0.1)" />
        <Dependent key="2" type="1" schemaName="product" displayName="Product" />
      </MissingDependency>
      <MissingDependency>
        <Required key="1" type="1" schemaName="msdyn_resourcerequirement" displayName="Resource Requirement" solution="MicrosoftDynamicsScheduling (3.9.0.42)" />
        <Dependent key="56" type="10" schemaName="msdyn_appointment_msdyn_resourcerequirement" displayName="msdyn_appointment_msdyn_resourcerequirement" parentSchemaName="msdyn_resourcerequirement" parentDisplayName="Resource Requirement" />
      </MissingDependency>
      <MissingDependency>
        <Required key="57" type="1" schemaName="msdyn_transactioncategory" displayName="Transaction Category" solution="ProjectService (3.9.0.1)" />
        <Dependent key="58" type="10" schemaName="msdyn_msdyn_transactioncategory_product_TransactionCategory" displayName="msdyn_msdyn_transactioncategory_product_TransactionCategory" parentSchemaName="msdyn_transactioncategory" parentDisplayName="Transaction Category" />
      </MissingDependency>
      <MissingDependency>
        <Required key="51" type="1" schemaName="msdyn_accountpricelist" displayName="Account Project Price List" solution="ProjectService (3.9.0.1)" />
        <Dependent key="59" type="60" displayName="Account" parentDisplayName="Account" id="{8448b78f-8f42-454e-8e2a-f8196b0419af}" />
      </MissingDependency>
      <MissingDependency>
        <Required key="60" type="1" schemaName="msdyn_taxcode" displayName="Tax Code" solution="FieldService (8.8.0.88)" />
        <Dependent key="61" type="10" schemaName="msdyn_msdyn_taxcode_account_SalesTaxCode" displayName="msdyn_msdyn_taxcode_account_SalesTaxCode" parentSchemaName="msdyn_taxcode" parentDisplayName="Tax Code" />
      </MissingDependency>
      <MissingDependency>
        <Required key="62" type="1" schemaName="diyd365_reimbursement" displayName="Reimbursement" solution="Active" />
        <Dependent key="63" type="60" displayName="Patient" parentDisplayName="Contact" id="{fdf068bd-7342-46ce-be7d-58a7bd12598c}" />
      </MissingDependency>
      <MissingDependency>
        <Required key="19" type="1" schemaName="msdyn_customerasset" displayName="Device" solution="FieldService (8.8.0.88)" />
        <Dependent key="64" type="60" displayName="Account for Interactive experience" parentDisplayName="Account" id="{a72c7955-442b-4ea4-9499-b10cd18b4256}" />
      </MissingDependency>
      <MissingDependency>
        <Required key="65" type="1" schemaName="msdyn_workhourtemplate" displayName="Work template" solution="MicrosoftDynamicsScheduling (3.9.0.42)" />
        <Dependent key="66" type="10" schemaName="msdyn_msdyn_workhourtemplate_account_workhourtemplate" displayName="msdyn_msdyn_workhourtemplate_account_workhourtemplate" parentSchemaName="msdyn_workhourtemplate" parentDisplayName="Work template" />
      </MissingDependency>
      <MissingDependency>
        <Required key="50" type="1" schemaName="msdyn_accountkpiitem" displayName="Account KPI Item" solution="RelationshipAnalytics (9.0.1.0310)" />
        <Dependent key="67" type="10" schemaName="msdyn_msdyn_accountkpiitem_account_accountkpiid" displayName="msdyn_msdyn_accountkpiitem_account_accountkpiid" parentSchemaName="msdyn_accountkpiitem" parentDisplayName="Account KPI Item" />
      </MissingDependency>
      <MissingDependency>
        <Required key="36" type="1" schemaName="msdyn_quotelinetransaction" displayName="Quote Line Detail" solution="ProjectService (3.9.0.1)" />
        <Dependent key="2" type="1" schemaName="product" displayName="Product" />
      </MissingDependency>
      <MissingDependency>
        <Required key="68" type="1" schemaName="diyd365_response" displayName="Response" solution="Active" />
        <Dependent key="6" type="1" schemaName="account" displayName="Account" />
      </MissingDependency>
      <MissingDependency>
        <Required key="69" type="1" schemaName="msdyn_rtvproduct" displayName="RTV Product" solution="FieldService (8.8.0.88)" />
        <Dependent key="2" type="1" schemaName="product" displayName="Product" />
      </MissingDependency>
      <MissingDependency>
        <Required key="34" type="1" schemaName="msdyn_orderlinetransaction" displayName="Project Contract Line Detail" solution="ProjectService (3.9.0.1)" />
        <Dependent key="2" type="1" schemaName="product" displayName="Product" />
      </MissingDependency>
      <MissingDependency>
        <Required key="70" type="1" schemaName="msdyn_orderinvoicingproduct" displayName="Order Invoicing Product" solution="FieldService (8.8.0.88)" />
        <Dependent key="2" type="1" schemaName="product" displayName="Product" />
      </MissingDependency>
      <MissingDependency>
        <Required key="71" type="1" schemaName="incident" displayName="Case" solution="msdynce_Service (9.0.5.56)" />
        <Dependent key="6" type="1" schemaName="account" displayName="Account" />
      </MissingDependency>
      <MissingDependency>
        <Required key="72" type="1" schemaName="msdyn_inventoryadjustmentproduct" displayName="Inventory Adjustment Product" solution="FieldService (8.8.0.88)" />
        <Dependent key="2" type="1" schemaName="product" displayName="Product" />
      </MissingDependency>
      <MissingDependency>
        <Required key="73" type="1" schemaName="bookableresource" displayName="Bookable Resource" solution="msdynce_Scheduling (9.0.0.0)" />
        <Dependent key="74" type="10" schemaName="msdyn_bookableresource_account_PreferredResource" displayName="msdyn_bookableresource_account_PreferredResource" parentSchemaName="bookableresource" parentDisplayName="Bookable Resource" />
      </MissingDependency>
      <MissingDependency>
        <Required key="75" type="1" schemaName="territory" displayName="Territory" solution="msdynce_AppCommon (9.0.4.0066)" />
        <Dependent key="76" type="10" schemaName="msdyn_territory_account_ServiceTerritory" displayName="msdyn_territory_account_ServiceTerritory" parentSchemaName="territory" parentDisplayName="Territory" />
      </MissingDependency>
      <MissingDependency>
        <Required key="77" type="2" schemaName="territoryid" displayName="Territory" parentSchemaName="territory" parentDisplayName="Territory" solution="msdynce_AppCommon (9.0.4.0066)" />
        <Dependent key="76" type="10" schemaName="msdyn_territory_account_ServiceTerritory" displayName="msdyn_territory_account_ServiceTerritory" parentSchemaName="territory" parentDisplayName="Territory" />
      </MissingDependency>
      <MissingDependency>
        <Required key="78" type="2" schemaName="msdyn_workhourtemplateid" displayName="Work Template" parentSchemaName="msdyn_workhourtemplate" parentDisplayName="Work template" solution="MicrosoftDynamicsScheduling (3.9.0.42)" />
        <Dependent key="66" type="10" schemaName="msdyn_msdyn_workhourtemplate_account_workhourtemplate" displayName="msdyn_msdyn_workhourtemplate_account_workhourtemplate" parentSchemaName="msdyn_workhourtemplate" parentDisplayName="Work template" />
      </MissingDependency>
      <MissingDependency>
        <Required key="79" type="2" schemaName="msdyn_name" displayName="Name" parentSchemaName="msdyn_workhourtemplate" parentDisplayName="Work template" solution="MicrosoftDynamicsScheduling (3.9.0.42)" />
        <Dependent key="66" type="10" schemaName="msdyn_msdyn_workhourtemplate_account_workhourtemplate" displayName="msdyn_msdyn_workhourtemplate_account_workhourtemplate" parentSchemaName="msdyn_workhourtemplate" parentDisplayName="Work template" />
      </MissingDependency>
      <MissingDependency>
        <Required key="80" type="2" schemaName="msdyn_transactioncategoryid" displayName="Transaction Category" parentSchemaName="msdyn_transactioncategory" parentDisplayName="Transaction Category" solution="ProjectService (3.9.0.1)" />
        <Dependent key="58" type="10" schemaName="msdyn_msdyn_transactioncategory_product_TransactionCategory" displayName="msdyn_msdyn_transactioncategory_product_TransactionCategory" parentSchemaName="msdyn_transactioncategory" parentDisplayName="Transaction Category" />
      </MissingDependency>
      <MissingDependency>
        <Required key="81" type="2" schemaName="msdyn_name" displayName="Name" parentSchemaName="msdyn_taxcode" parentDisplayName="Tax Code" solution="FieldService (8.8.0.88)" />
        <Dependent key="61" type="10" schemaName="msdyn_msdyn_taxcode_account_SalesTaxCode" displayName="msdyn_msdyn_taxcode_account_SalesTaxCode" parentSchemaName="msdyn_taxcode" parentDisplayName="Tax Code" />
      </MissingDependency>
      <MissingDependency>
        <Required key="82" type="2" schemaName="msdyn_name" displayName="Name" parentSchemaName="msdyn_transactioncategory" parentDisplayName="Transaction Category" solution="ProjectService (3.9.0.1)" />
        <Dependent key="58" type="10" schemaName="msdyn_msdyn_transactioncategory_product_TransactionCategory" displayName="msdyn_msdyn_transactioncategory_product_TransactionCategory" parentSchemaName="msdyn_transactioncategory" parentDisplayName="Transaction Category" />
      </MissingDependency>
      <MissingDependency>
        <Required key="83" type="2" schemaName="originatingleadid" displayName="Originating Lead" parentSchemaName="contact" parentDisplayName="Contact" solution="msdynce_LeadManagement (9.0.4.0066)" />
        <Dependent key="63" type="60" displayName="Patient" parentDisplayName="Contact" id="{fdf068bd-7342-46ce-be7d-58a7bd12598c}" />
      </MissingDependency>
      <MissingDependency>
        <Required key="84" type="2" schemaName="name" displayName="Name" parentSchemaName="bookableresource" parentDisplayName="Bookable Resource" solution="msdynce_Scheduling (9.0.0.0)" />
        <Dependent key="74" type="10" schemaName="msdyn_bookableresource_account_PreferredResource" displayName="msdyn_bookableresource_account_PreferredResource" parentSchemaName="bookableresource" parentDisplayName="Bookable Resource" />
      </MissingDependency>
      <MissingDependency>
        <Required key="85" type="2" schemaName="name" displayName="Territory Name" parentSchemaName="territory" parentDisplayName="Territory" solution="msdynce_AppCommon (9.0.4.0066)" />
        <Dependent key="76" type="10" schemaName="msdyn_territory_account_ServiceTerritory" displayName="msdyn_territory_account_ServiceTerritory" parentSchemaName="territory" parentDisplayName="Territory" />
      </MissingDependency>
      <MissingDependency>
        <Required key="86" type="2" schemaName="msdyn_accountkpiitemid" displayName="Unique Identifier for Entity Instances" parentSchemaName="msdyn_accountkpiitem" parentDisplayName="Account KPI Item" solution="RelationshipAnalytics (9.0.1.0310)" />
        <Dependent key="67" type="10" schemaName="msdyn_msdyn_accountkpiitem_account_accountkpiid" displayName="msdyn_msdyn_accountkpiitem_account_accountkpiid" parentSchemaName="msdyn_accountkpiitem" parentDisplayName="Account KPI Item" />
      </MissingDependency>
      <MissingDependency>
        <Required key="87" type="2" schemaName="msdyn_taxcodeid" displayName="Tax Code" parentSchemaName="msdyn_taxcode" parentDisplayName="Tax Code" solution="FieldService (8.8.0.88)" />
        <Dependent key="61" type="10" schemaName="msdyn_msdyn_taxcode_account_SalesTaxCode" displayName="msdyn_msdyn_taxcode_account_SalesTaxCode" parentSchemaName="msdyn_taxcode" parentDisplayName="Tax Code" />
      </MissingDependency>
      <MissingDependency>
        <Required key="88" type="2" schemaName="bookableresourceid" displayName="Bookable Resource" parentSchemaName="bookableresource" parentDisplayName="Bookable Resource" solution="msdynce_Scheduling (9.0.0.0)" />
        <Dependent key="74" type="10" schemaName="msdyn_bookableresource_account_PreferredResource" displayName="msdyn_bookableresource_account_PreferredResource" parentSchemaName="bookableresource" parentDisplayName="Bookable Resource" />
      </MissingDependency>
      <MissingDependency>
        <Required key="89" type="2" schemaName="msdyn_name" displayName="Custom Entity Name" parentSchemaName="msdyn_accountkpiitem" parentDisplayName="Account KPI Item" solution="RelationshipAnalytics (9.0.1.0310)" />
        <Dependent key="67" type="10" schemaName="msdyn_msdyn_accountkpiitem_account_accountkpiid" displayName="msdyn_msdyn_accountkpiitem_account_accountkpiid" parentSchemaName="msdyn_accountkpiitem" parentDisplayName="Account KPI Item" />
      </MissingDependency>
      <MissingDependency>
        <Required key="90" type="2" schemaName="msdyn_salestaxcode" displayName="Sales Tax Code" parentSchemaName="account" parentDisplayName="Account" solution="FieldService (8.8.0.88)" />
        <Dependent key="61" type="10" schemaName="msdyn_msdyn_taxcode_account_SalesTaxCode" displayName="msdyn_msdyn_taxcode_account_SalesTaxCode" parentSchemaName="msdyn_taxcode" parentDisplayName="Tax Code" />
      </MissingDependency>
      <MissingDependency>
        <Required key="91" type="2" schemaName="msdyn_workorderinstructions" displayName="Work Order Instructions" parentSchemaName="account" parentDisplayName="Account" solution="FieldService (8.8.0.88)" />
        <Dependent key="59" type="60" displayName="Account" parentDisplayName="Account" id="{8448b78f-8f42-454e-8e2a-f8196b0419af}" />
      </MissingDependency>
      <MissingDependency>
        <Required key="92" type="2" schemaName="originatingleadid" displayName="Originating Lead" parentSchemaName="account" parentDisplayName="Account" solution="msdynce_LeadManagement (9.0.4.0066)" />
        <Dependent key="64" type="60" displayName="Account for Interactive experience" parentDisplayName="Account" id="{a72c7955-442b-4ea4-9499-b10cd18b4256}" />
      </MissingDependency>
      <MissingDependency>
        <Required key="93" type="2" schemaName="name" displayName="Name" parentSchemaName="product" parentDisplayName="Product" solution="msdynce_ProductManagement (9.0.4.0066)" />
        <Dependent key="94" type="10" schemaName="diyd365_product_diyd365_prescription_Product" displayName="diyd365_product_diyd365_prescription_Product" parentSchemaName="product" parentDisplayName="Product" />
      </MissingDependency>
      <MissingDependency>
        <Required key="95" type="2" schemaName="msdyn_workhourtemplate" displayName="Work Hour Template" parentSchemaName="account" parentDisplayName="Account" solution="FieldService (8.8.0.88)" />
        <Dependent key="59" type="60" displayName="Account" parentDisplayName="Account" id="{8448b78f-8f42-454e-8e2a-f8196b0419af}" />
      </MissingDependency>
      <MissingDependency>
        <Required key="96" type="2" schemaName="msdyn_transactioncategory" displayName="Transaction Category" parentSchemaName="product" parentDisplayName="Product" solution="ProjectService (3.9.0.1)" />
        <Dependent key="58" type="10" schemaName="msdyn_msdyn_transactioncategory_product_TransactionCategory" displayName="msdyn_msdyn_transactioncategory_product_TransactionCategory" parentSchemaName="msdyn_transactioncategory" parentDisplayName="Transaction Category" />
      </MissingDependency>
      <MissingDependency>
        <Required key="97" type="2" schemaName="defaultpricelevelid" displayName="Product Price List" parentSchemaName="account" parentDisplayName="Account" solution="msdynce_ProductManagement (9.0.4.0066)" />
        <Dependent key="59" type="60" displayName="Account" parentDisplayName="Account" id="{8448b78f-8f42-454e-8e2a-f8196b0419af}" />
      </MissingDependency>
      <MissingDependency>
        <Required key="98" type="2" schemaName="msdyn_travelchargetype" displayName="Travel Charge Type" parentSchemaName="account" parentDisplayName="Account" solution="FieldService (8.8.0.88)" />
        <Dependent key="59" type="60" displayName="Account" parentDisplayName="Account" id="{8448b78f-8f42-454e-8e2a-f8196b0419af}" />
      </MissingDependency>
      <MissingDependency>
        <Required key="99" type="2" schemaName="territoryid" displayName="Territory" parentSchemaName="account" parentDisplayName="Account" solution="msdynce_Sales (9.0.4.0076)" />
        <Dependent key="100" type="60" displayName="Information" parentDisplayName="Account" id="{b053a39a-041a-4356-acef-ddf00182762b}" />
      </MissingDependency>
      <MissingDependency>
        <Required key="101" type="2" schemaName="msdyn_billingaccount" displayName="Billing Account" parentSchemaName="account" parentDisplayName="Account" solution="FieldService (8.8.0.88)" />
        <Dependent key="102" type="10" schemaName="msdyn_account_account_BillingAccount" displayName="msdyn_account_account_BillingAccount" parentSchemaName="account" parentDisplayName="Account" />
      </MissingDependency>
      <MissingDependency>
        <Required key="92" type="2" schemaName="originatingleadid" displayName="Originating Lead" parentSchemaName="account" parentDisplayName="Account" solution="msdynce_LeadManagement (9.0.4.0066)" />
        <Dependent key="100" type="60" displayName="Information" parentDisplayName="Account" id="{b053a39a-041a-4356-acef-ddf00182762b}" />
      </MissingDependency>
      <MissingDependency>
        <Required key="95" type="2" schemaName="msdyn_workhourtemplate" displayName="Work Hour Template" parentSchemaName="account" parentDisplayName="Account" solution="FieldService (8.8.0.88)" />
        <Dependent key="66" type="10" schemaName="msdyn_msdyn_workhourtemplate_account_workhourtemplate" displayName="msdyn_msdyn_workhourtemplate_account_workhourtemplate" parentSchemaName="msdyn_workhourtemplate" parentDisplayName="Work template" />
      </MissingDependency>
      <MissingDependency>
        <Required key="97" type="2" schemaName="defaultpricelevelid" displayName="Product Price List" parentSchemaName="account" parentDisplayName="Account" solution="msdynce_ProductManagement (9.0.4.0066)" />
        <Dependent key="100" type="60" displayName="Information" parentDisplayName="Account" id="{b053a39a-041a-4356-acef-ddf00182762b}" />
      </MissingDependency>
      <MissingDependency>
        <Required key="103" type="2" schemaName="msdyn_serviceterritory" displayName="Service Territory" parentSchemaName="account" parentDisplayName="Account" solution="FieldService (8.8.0.88)" />
        <Dependent key="76" type="10" schemaName="msdyn_territory_account_ServiceTerritory" displayName="msdyn_territory_account_ServiceTerritory" parentSchemaName="territory" parentDisplayName="Territory" />
      </MissingDependency>
      <MissingDependency>
        <Required key="90" type="2" schemaName="msdyn_salestaxcode" displayName="Sales Tax Code" parentSchemaName="account" parentDisplayName="Account" solution="FieldService (8.8.0.88)" />
        <Dependent key="59" type="60" displayName="Account" parentDisplayName="Account" id="{8448b78f-8f42-454e-8e2a-f8196b0419af}" />
      </MissingDependency>
      <MissingDependency>
        <Required key="104" type="2" schemaName="msdyn_defaultvendor" displayName="Default Vendor" parentSchemaName="product" parentDisplayName="Product" solution="FieldService (8.8.0.88)" />
        <Dependent key="105" type="10" schemaName="msdyn_account_product_DefaultVendor" displayName="msdyn_account_product_DefaultVendor" parentSchemaName="account" parentDisplayName="Account" />
      </MissingDependency>
      <MissingDependency>
        <Required key="103" type="2" schemaName="msdyn_serviceterritory" displayName="Service Territory" parentSchemaName="account" parentDisplayName="Account" solution="FieldService (8.8.0.88)" />
        <Dependent key="59" type="60" displayName="Account" parentDisplayName="Account" id="{8448b78f-8f42-454e-8e2a-f8196b0419af}" />
      </MissingDependency>
      <MissingDependency>
        <Required key="106" type="2" schemaName="msdyn_accountkpiid" displayName="KPI" parentSchemaName="account" parentDisplayName="Account" solution="RelationshipAnalytics (9.0.1.0310)" />
        <Dependent key="67" type="10" schemaName="msdyn_msdyn_accountkpiitem_account_accountkpiid" displayName="msdyn_msdyn_accountkpiitem_account_accountkpiid" parentSchemaName="msdyn_accountkpiitem" parentDisplayName="Account KPI Item" />
      </MissingDependency>
      <MissingDependency>
        <Required key="107" type="2" schemaName="msdyn_appointmentrequirementid" displayName="Appointment Requirement" parentSchemaName="msdyn_resourcerequirement" parentDisplayName="Resource Requirement" solution="MicrosoftDynamicsScheduling (3.9.0.42)" />
        <Dependent key="56" type="10" schemaName="msdyn_appointment_msdyn_resourcerequirement" displayName="msdyn_appointment_msdyn_resourcerequirement" parentSchemaName="msdyn_resourcerequirement" parentDisplayName="Resource Requirement" />
      </MissingDependency>
      <MissingDependency>
        <Required key="108" type="2" schemaName="productid" displayName="Product" parentSchemaName="product" parentDisplayName="Product" solution="msdynce_ProductManagement (9.0.4.0066)" />
        <Dependent key="94" type="10" schemaName="diyd365_product_diyd365_prescription_Product" displayName="diyd365_product_diyd365_prescription_Product" parentSchemaName="product" parentDisplayName="Product" />
      </MissingDependency>
      <MissingDependency>
        <Required key="109" type="2" schemaName="msdyn_travelcharge" displayName="Travel Charge" parentSchemaName="account" parentDisplayName="Account" solution="FieldService (8.8.0.88)" />
        <Dependent key="59" type="60" displayName="Account" parentDisplayName="Account" id="{8448b78f-8f42-454e-8e2a-f8196b0419af}" />
      </MissingDependency>
      <MissingDependency>
        <Required key="110" type="2" schemaName="msdyn_appointmentbookingid" displayName="Appointment Booking" parentSchemaName="bookableresourcebooking" parentDisplayName="Bookable Resource Booking" solution="MicrosoftDynamicsScheduling (3.9.0.42)" />
        <Dependent key="11" type="10" schemaName="msdyn_appointment_bookableresourcebooking" displayName="msdyn_appointment_bookableresourcebooking" parentSchemaName="bookableresourcebooking" parentDisplayName="Bookable Resource Booking" />
      </MissingDependency>
      <MissingDependency>
        <Required key="111" type="2" schemaName="msdyn_taxexempt" displayName="Tax Exempt" parentSchemaName="account" parentDisplayName="Account" solution="FieldService (8.8.0.88)" />
        <Dependent key="59" type="60" displayName="Account" parentDisplayName="Account" id="{8448b78f-8f42-454e-8e2a-f8196b0419af}" />
      </MissingDependency>
      <MissingDependency>
        <Required key="112" type="2" schemaName="msdyn_taxexemptnumber" displayName="Tax Exempt Number" parentSchemaName="account" parentDisplayName="Account" solution="FieldService (8.8.0.88)" />
        <Dependent key="59" type="60" displayName="Account" parentDisplayName="Account" id="{8448b78f-8f42-454e-8e2a-f8196b0419af}" />
      </MissingDependency>
      <MissingDependency>
        <Required key="101" type="2" schemaName="msdyn_billingaccount" displayName="Billing Account" parentSchemaName="account" parentDisplayName="Account" solution="FieldService (8.8.0.88)" />
        <Dependent key="59" type="60" displayName="Account" parentDisplayName="Account" id="{8448b78f-8f42-454e-8e2a-f8196b0419af}" />
      </MissingDependency>
      <MissingDependency>
        <Required key="113" type="2" schemaName="msdyn_preferredresource" displayName="Preferred Resource (Deprecated)" parentSchemaName="account" parentDisplayName="Account" solution="FieldService (8.8.0.88)" />
        <Dependent key="74" type="10" schemaName="msdyn_bookableresource_account_PreferredResource" displayName="msdyn_bookableresource_account_PreferredResource" parentSchemaName="bookableresource" parentDisplayName="Bookable Resource" />
      </MissingDependency>
      <MissingDependency>
        <Required key="114" type="2" schemaName="msa_managingpartnerid" displayName="Managing Partner" parentSchemaName="account" parentDisplayName="Account" solution="MicrosoftCrmPortalDependencies (9.0.12.10)" />
        <Dependent key="102" type="10" schemaName="msdyn_account_account_BillingAccount" displayName="msdyn_account_account_BillingAccount" parentSchemaName="account" parentDisplayName="Account" />
      </MissingDependency>
      <MissingDependency>
        <Required key="107" type="2" schemaName="msdyn_appointmentrequirementid" displayName="Appointment Requirement" parentSchemaName="msdyn_resourcerequirement" parentDisplayName="Resource Requirement" solution="MicrosoftDynamicsScheduling (3.9.0.42)" />
        <Dependent key="107" type="2" schemaName="msdyn_appointmentrequirementid" displayName="Appointment Requirement" parentSchemaName="msdyn_resourcerequirement" parentDisplayName="Resource Requirement" />
      </MissingDependency>
      <MissingDependency>
        <Required key="110" type="2" schemaName="msdyn_appointmentbookingid" displayName="Appointment Booking" parentSchemaName="bookableresourcebooking" parentDisplayName="Bookable Resource Booking" solution="MicrosoftDynamicsScheduling (3.9.0.42)" />
        <Dependent key="110" type="2" schemaName="msdyn_appointmentbookingid" displayName="Appointment Booking" parentSchemaName="bookableresourcebooking" parentDisplayName="Bookable Resource Booking" />
      </MissingDependency>
      <MissingDependency>
        <Required key="61" type="10" schemaName="msdyn_msdyn_taxcode_account_SalesTaxCode" displayName="msdyn_msdyn_taxcode_account_SalesTaxCode" parentSchemaName="msdyn_taxcode" parentDisplayName="Tax Code" solution="FieldService (8.8.0.88)" />
        <Dependent key="61" type="10" schemaName="msdyn_msdyn_taxcode_account_SalesTaxCode" displayName="msdyn_msdyn_taxcode_account_SalesTaxCode" parentSchemaName="msdyn_taxcode" parentDisplayName="Tax Code" />
      </MissingDependency>
      <MissingDependency>
        <Required key="76" type="10" schemaName="msdyn_territory_account_ServiceTerritory" displayName="msdyn_territory_account_ServiceTerritory" parentSchemaName="territory" parentDisplayName="Territory" solution="FieldService (8.8.0.88)" />
        <Dependent key="76" type="10" schemaName="msdyn_territory_account_ServiceTerritory" displayName="msdyn_territory_account_ServiceTerritory" parentSchemaName="territory" parentDisplayName="Territory" />
      </MissingDependency>
      <MissingDependency>
        <Required key="11" type="10" schemaName="msdyn_appointment_bookableresourcebooking" displayName="msdyn_appointment_bookableresourcebooking" parentSchemaName="bookableresourcebooking" parentDisplayName="Bookable Resource Booking" solution="MicrosoftDynamicsScheduling (3.9.0.42)" />
        <Dependent key="11" type="10" schemaName="msdyn_appointment_bookableresourcebooking" displayName="msdyn_appointment_bookableresourcebooking" parentSchemaName="bookableresourcebooking" parentDisplayName="Bookable Resource Booking" />
      </MissingDependency>
      <MissingDependency>
        <Required key="58" type="10" schemaName="msdyn_msdyn_transactioncategory_product_TransactionCategory" displayName="msdyn_msdyn_transactioncategory_product_TransactionCategory" parentSchemaName="msdyn_transactioncategory" parentDisplayName="Transaction Category" solution="ProjectService (3.9.0.1)" />
        <Dependent key="58" type="10" schemaName="msdyn_msdyn_transactioncategory_product_TransactionCategory" displayName="msdyn_msdyn_transactioncategory_product_TransactionCategory" parentSchemaName="msdyn_transactioncategory" parentDisplayName="Transaction Category" />
      </MissingDependency>
      <MissingDependency>
        <Required key="74" type="10" schemaName="msdyn_bookableresource_account_PreferredResource" displayName="msdyn_bookableresource_account_PreferredResource" parentSchemaName="bookableresource" parentDisplayName="Bookable Resource" solution="FieldService (8.8.0.88)" />
        <Dependent key="74" type="10" schemaName="msdyn_bookableresource_account_PreferredResource" displayName="msdyn_bookableresource_account_PreferredResource" parentSchemaName="bookableresource" parentDisplayName="Bookable Resource" />
      </MissingDependency>
      <MissingDependency>
        <Required key="67" type="10" schemaName="msdyn_msdyn_accountkpiitem_account_accountkpiid" displayName="msdyn_msdyn_accountkpiitem_account_accountkpiid" parentSchemaName="msdyn_accountkpiitem" parentDisplayName="Account KPI Item" solution="RelationshipAnalytics (9.0.1.0310)" />
        <Dependent key="67" type="10" schemaName="msdyn_msdyn_accountkpiitem_account_accountkpiid" displayName="msdyn_msdyn_accountkpiitem_account_accountkpiid" parentSchemaName="msdyn_accountkpiitem" parentDisplayName="Account KPI Item" />
      </MissingDependency>
      <MissingDependency>
        <Required key="66" type="10" schemaName="msdyn_msdyn_workhourtemplate_account_workhourtemplate" displayName="msdyn_msdyn_workhourtemplate_account_workhourtemplate" parentSchemaName="msdyn_workhourtemplate" parentDisplayName="Work template" solution="FieldService (8.8.0.88)" />
        <Dependent key="66" type="10" schemaName="msdyn_msdyn_workhourtemplate_account_workhourtemplate" displayName="msdyn_msdyn_workhourtemplate_account_workhourtemplate" parentSchemaName="msdyn_workhourtemplate" parentDisplayName="Work template" />
      </MissingDependency>
      <MissingDependency>
        <Required key="105" type="10" schemaName="msdyn_account_product_DefaultVendor" displayName="msdyn_account_product_DefaultVendor" parentSchemaName="account" parentDisplayName="Account" solution="FieldService (8.8.0.88)" />
        <Dependent key="105" type="10" schemaName="msdyn_account_product_DefaultVendor" displayName="msdyn_account_product_DefaultVendor" parentSchemaName="account" parentDisplayName="Account" />
      </MissingDependency>
      <MissingDependency>
        <Required key="56" type="10" schemaName="msdyn_appointment_msdyn_resourcerequirement" displayName="msdyn_appointment_msdyn_resourcerequirement" parentSchemaName="msdyn_resourcerequirement" parentDisplayName="Resource Requirement" solution="MicrosoftDynamicsScheduling (3.9.0.42)" />
        <Dependent key="56" type="10" schemaName="msdyn_appointment_msdyn_resourcerequirement" displayName="msdyn_appointment_msdyn_resourcerequirement" parentSchemaName="msdyn_resourcerequirement" parentDisplayName="Resource Requirement" />
      </MissingDependency>
      <MissingDependency>
        <Required key="115" type="10" schemaName="msa_account_managingpartner" displayName="msa_account_managingpartner" parentSchemaName="account" parentDisplayName="Account" solution="MicrosoftCrmPortalDependencies (9.0.12.10)" />
        <Dependent key="116" type="2" schemaName="msa_managingpartneridyominame" parentSchemaName="account" parentDisplayName="Account" />
      </MissingDependency>
      <MissingDependency>
        <Required key="61" type="10" schemaName="msdyn_msdyn_taxcode_account_SalesTaxCode" displayName="msdyn_msdyn_taxcode_account_SalesTaxCode" parentSchemaName="msdyn_taxcode" parentDisplayName="Tax Code" solution="FieldService (8.8.0.88)" />
        <Dependent key="117" type="2" schemaName="msdyn_salestaxcodename" parentSchemaName="account" parentDisplayName="Account" />
      </MissingDependency>
      <MissingDependency>
        <Required key="67" type="10" schemaName="msdyn_msdyn_accountkpiitem_account_accountkpiid" displayName="msdyn_msdyn_accountkpiitem_account_accountkpiid" parentSchemaName="msdyn_accountkpiitem" parentDisplayName="Account KPI Item" solution="RelationshipAnalytics (9.0.1.0310)" />
        <Dependent key="118" type="2" schemaName="msdyn_accountkpiidname" parentSchemaName="account" parentDisplayName="Account" />
      </MissingDependency>
      <MissingDependency>
        <Required key="102" type="10" schemaName="msdyn_account_account_BillingAccount" displayName="msdyn_account_account_BillingAccount" parentSchemaName="account" parentDisplayName="Account" solution="FieldService (8.8.0.88)" />
        <Dependent key="119" type="2" schemaName="msdyn_billingaccountyominame" parentSchemaName="account" parentDisplayName="Account" />
      </MissingDependency>
      <MissingDependency>
        <Required key="115" type="10" schemaName="msa_account_managingpartner" displayName="msa_account_managingpartner" parentSchemaName="account" parentDisplayName="Account" solution="MicrosoftCrmPortalDependencies (9.0.12.10)" />
        <Dependent key="120" type="2" schemaName="msa_managingpartneridname" parentSchemaName="account" parentDisplayName="Account" />
      </MissingDependency>
      <MissingDependency>
        <Required key="105" type="10" schemaName="msdyn_account_product_DefaultVendor" displayName="msdyn_account_product_DefaultVendor" parentSchemaName="account" parentDisplayName="Account" solution="FieldService (8.8.0.88)" />
        <Dependent key="121" type="2" schemaName="msdyn_defaultvendorname" parentSchemaName="product" parentDisplayName="Product" />
      </MissingDependency>
      <MissingDependency>
        <Required key="56" type="10" schemaName="msdyn_appointment_msdyn_resourcerequirement" displayName="msdyn_appointment_msdyn_resourcerequirement" parentSchemaName="msdyn_resourcerequirement" parentDisplayName="Resource Requirement" solution="MicrosoftDynamicsScheduling (3.9.0.42)" />
        <Dependent key="4" type="2" schemaName="msdyn_appointmentrequirementidname" parentSchemaName="msdyn_resourcerequirement" parentDisplayName="Resource Requirement" />
      </MissingDependency>
      <MissingDependency>
        <Required key="102" type="10" schemaName="msdyn_account_account_BillingAccount" displayName="msdyn_account_account_BillingAccount" parentSchemaName="account" parentDisplayName="Account" solution="FieldService (8.8.0.88)" />
        <Dependent key="122" type="2" schemaName="msdyn_billingaccountname" parentSchemaName="account" parentDisplayName="Account" />
      </MissingDependency>
      <MissingDependency>
        <Required key="105" type="10" schemaName="msdyn_account_product_DefaultVendor" displayName="msdyn_account_product_DefaultVendor" parentSchemaName="account" parentDisplayName="Account" solution="FieldService (8.8.0.88)" />
        <Dependent key="123" type="2" schemaName="msdyn_defaultvendoryominame" parentSchemaName="product" parentDisplayName="Product" />
      </MissingDependency>
      <MissingDependency>
        <Required key="66" type="10" schemaName="msdyn_msdyn_workhourtemplate_account_workhourtemplate" displayName="msdyn_msdyn_workhourtemplate_account_workhourtemplate" parentSchemaName="msdyn_workhourtemplate" parentDisplayName="Work template" solution="FieldService (8.8.0.88)" />
        <Dependent key="124" type="2" schemaName="msdyn_workhourtemplatename" parentSchemaName="account" parentDisplayName="Account" />
      </MissingDependency>
      <MissingDependency>
        <Required key="76" type="10" schemaName="msdyn_territory_account_ServiceTerritory" displayName="msdyn_territory_account_ServiceTerritory" parentSchemaName="territory" parentDisplayName="Territory" solution="FieldService (8.8.0.88)" />
        <Dependent key="125" type="2" schemaName="msdyn_serviceterritoryname" parentSchemaName="account" parentDisplayName="Account" />
      </MissingDependency>
      <MissingDependency>
        <Required key="74" type="10" schemaName="msdyn_bookableresource_account_PreferredResource" displayName="msdyn_bookableresource_account_PreferredResource" parentSchemaName="bookableresource" parentDisplayName="Bookable Resource" solution="FieldService (8.8.0.88)" />
        <Dependent key="126" type="2" schemaName="msdyn_preferredresourcename" parentSchemaName="account" parentDisplayName="Account" />
      </MissingDependency>
      <MissingDependency>
        <Required key="58" type="10" schemaName="msdyn_msdyn_transactioncategory_product_TransactionCategory" displayName="msdyn_msdyn_transactioncategory_product_TransactionCategory" parentSchemaName="msdyn_transactioncategory" parentDisplayName="Transaction Category" solution="ProjectService (3.9.0.1)" />
        <Dependent key="127" type="2" schemaName="msdyn_transactioncategoryname" parentSchemaName="product" parentDisplayName="Product" />
      </MissingDependency>
      <MissingDependency>
        <Required key="11" type="10" schemaName="msdyn_appointment_bookableresourcebooking" displayName="msdyn_appointment_bookableresourcebooking" parentSchemaName="bookableresourcebooking" parentDisplayName="Bookable Resource Booking" solution="MicrosoftDynamicsScheduling (3.9.0.42)" />
        <Dependent key="3" type="2" schemaName="msdyn_appointmentbookingidname" parentSchemaName="bookableresourcebooking" parentDisplayName="Bookable Resource Booking" />
      </MissingDependency>
      <MissingDependency>
        <Required key="61" type="10" schemaName="msdyn_msdyn_taxcode_account_SalesTaxCode" displayName="msdyn_msdyn_taxcode_account_SalesTaxCode" parentSchemaName="msdyn_taxcode" parentDisplayName="Tax Code" solution="FieldService (8.8.0.88)" />
        <Dependent key="59" type="60" displayName="Account" parentDisplayName="Account" id="{8448b78f-8f42-454e-8e2a-f8196b0419af}" />
      </MissingDependency>
      <MissingDependency>
        <Required key="102" type="10" schemaName="msdyn_account_account_BillingAccount" displayName="msdyn_account_account_BillingAccount" parentSchemaName="account" parentDisplayName="Account" solution="FieldService (8.8.0.88)" />
        <Dependent key="59" type="60" displayName="Account" parentDisplayName="Account" id="{8448b78f-8f42-454e-8e2a-f8196b0419af}" />
      </MissingDependency>
      <MissingDependency>
        <Required key="76" type="10" schemaName="msdyn_territory_account_ServiceTerritory" displayName="msdyn_territory_account_ServiceTerritory" parentSchemaName="territory" parentDisplayName="Territory" solution="FieldService (8.8.0.88)" />
        <Dependent key="59" type="60" displayName="Account" parentDisplayName="Account" id="{8448b78f-8f42-454e-8e2a-f8196b0419af}" />
      </MissingDependency>
      <MissingDependency>
        <Required key="66" type="10" schemaName="msdyn_msdyn_workhourtemplate_account_workhourtemplate" displayName="msdyn_msdyn_workhourtemplate_account_workhourtemplate" parentSchemaName="msdyn_workhourtemplate" parentDisplayName="Work template" solution="FieldService (8.8.0.88)" />
        <Dependent key="59" type="60" displayName="Account" parentDisplayName="Account" id="{8448b78f-8f42-454e-8e2a-f8196b0419af}" />
      </MissingDependency>
      <MissingDependency>
        <Required key="128" type="10" schemaName="msdyn_account_msdyn_rma_ServiceAccount" displayName="msdyn_account_msdyn_rma_ServiceAccount" parentSchemaName="account" parentDisplayName="Account" solution="FieldService (8.8.0.88)" />
        <Dependent key="59" type="60" displayName="Account" parentDisplayName="Account" id="{8448b78f-8f42-454e-8e2a-f8196b0419af}" />
      </MissingDependency>
      <MissingDependency>
        <Required key="129" type="10" schemaName="msdyn_account_msdyn_workorder_BillingAccount" displayName="msdyn_account_msdyn_workorder_BillingAccount" parentSchemaName="account" parentDisplayName="Account" solution="FieldService (8.8.0.88)" />
        <Dependent key="59" type="60" displayName="Account" parentDisplayName="Account" id="{8448b78f-8f42-454e-8e2a-f8196b0419af}" />
      </MissingDependency>
      <MissingDependency>
        <Required key="130" type="10" schemaName="msdyn_account_msdyn_payment_Account" displayName="msdyn_account_msdyn_payment_Account" parentSchemaName="account" parentDisplayName="Account" solution="FieldService (8.8.0.88)" />
        <Dependent key="59" type="60" displayName="Account" parentDisplayName="Account" id="{8448b78f-8f42-454e-8e2a-f8196b0419af}" />
      </MissingDependency>
      <MissingDependency>
        <Required key="131" type="10" schemaName="msdyn_account_msdyn_customerasset_Account" displayName="msdyn_account_msdyn_customerasset_Account" parentSchemaName="msdyn_customerasset" parentDisplayName="Device" solution="FieldService (8.8.0.88)" />
        <Dependent key="59" type="60" displayName="Account" parentDisplayName="Account" id="{8448b78f-8f42-454e-8e2a-f8196b0419af}" />
      </MissingDependency>
      <MissingDependency>
        <Required key="132" type="10" schemaName="msdyn_account_msdyn_workorder_ServiceAccount" displayName="msdyn_account_msdyn_workorder_ServiceAccount" parentSchemaName="account" parentDisplayName="Account" solution="FieldService (8.8.0.88)" />
        <Dependent key="59" type="60" displayName="Account" parentDisplayName="Account" id="{8448b78f-8f42-454e-8e2a-f8196b0419af}" />
      </MissingDependency>
      <MissingDependency>
        <Required key="133" type="10" schemaName="msdyn_account_msdyn_rtv_Vendor" displayName="msdyn_account_msdyn_rtv_Vendor" parentSchemaName="account" parentDisplayName="Account" solution="FieldService (8.8.0.88)" />
        <Dependent key="59" type="60" displayName="Account" parentDisplayName="Account" id="{8448b78f-8f42-454e-8e2a-f8196b0419af}" />
      </MissingDependency>
      <MissingDependency>
        <Required key="134" type="10" schemaName="msdyn_account_msdyn_project_Customer" displayName="msdyn_account_msdyn_project_Customer" parentSchemaName="account" parentDisplayName="Account" solution="ProjectService (3.9.0.1)" />
        <Dependent key="59" type="60" displayName="Account" parentDisplayName="Account" id="{8448b78f-8f42-454e-8e2a-f8196b0419af}" />
      </MissingDependency>
      <MissingDependency>
        <Required key="135" type="10" schemaName="msdyn_account_msdyn_rma_BillingAccount" displayName="msdyn_account_msdyn_rma_BillingAccount" parentSchemaName="account" parentDisplayName="Account" solution="FieldService (8.8.0.88)" />
        <Dependent key="59" type="60" displayName="Account" parentDisplayName="Account" id="{8448b78f-8f42-454e-8e2a-f8196b0419af}" />
      </MissingDependency>
      <MissingDependency>
        <Required key="136" type="10" schemaName="msdyn_account_msdyn_agreement_ServiceAccount" displayName="msdyn_account_msdyn_agreement_ServiceAccount" parentSchemaName="account" parentDisplayName="Account" solution="FieldService (8.8.0.88)" />
        <Dependent key="59" type="60" displayName="Account" parentDisplayName="Account" id="{8448b78f-8f42-454e-8e2a-f8196b0419af}" />
      </MissingDependency>
      <MissingDependency>
        <Required key="137" type="10" schemaName="msdyn_account_msdyn_purchaseorder_Vendor" displayName="msdyn_account_msdyn_purchaseorder_Vendor" parentSchemaName="account" parentDisplayName="Account" solution="FieldService (8.8.0.88)" />
        <Dependent key="59" type="60" displayName="Account" parentDisplayName="Account" id="{8448b78f-8f42-454e-8e2a-f8196b0419af}" />
      </MissingDependency>
      <MissingDependency>
        <Required key="138" type="10" schemaName="msdyn_account_msdyn_accountpricelist_Account" displayName="msdyn_account_msdyn_accountpricelist_Account" parentSchemaName="account" parentDisplayName="Account" solution="ProjectService (3.9.0.1)" />
        <Dependent key="59" type="60" displayName="Account" parentDisplayName="Account" id="{8448b78f-8f42-454e-8e2a-f8196b0419af}" />
      </MissingDependency>
      <MissingDependency>
        <Required key="139" type="10" schemaName="msdyn_account_msdyn_agreement_BillingAccount" displayName="msdyn_account_msdyn_agreement_BillingAccount" parentSchemaName="account" parentDisplayName="Account" solution="FieldService (8.8.0.88)" />
        <Dependent key="59" type="60" displayName="Account" parentDisplayName="Account" id="{8448b78f-8f42-454e-8e2a-f8196b0419af}" />
      </MissingDependency>
      <MissingDependency>
        <Required key="131" type="10" schemaName="msdyn_account_msdyn_customerasset_Account" displayName="msdyn_account_msdyn_customerasset_Account" parentSchemaName="msdyn_customerasset" parentDisplayName="Device" solution="FieldService (8.8.0.88)" />
        <Dependent key="64" type="60" displayName="Account for Interactive experience" parentDisplayName="Account" id="{a72c7955-442b-4ea4-9499-b10cd18b4256}" />
      </MissingDependency>
      <MissingDependency>
        <Required key="140" type="26" schemaName="Active Project Price Lists" displayName="Active Project Price Lists" parentSchemaName="msdyn_accountpricelist" parentDisplayName="Account Project Price List" solution="ProjectService (3.9.0.1)" id="{9e8bd99a-72e8-49fe-8c6f-ec1ac8407f5a}" />
        <Dependent key="59" type="60" displayName="Account" parentDisplayName="Account" id="{8448b78f-8f42-454e-8e2a-f8196b0419af}" />
      </MissingDependency>
      <MissingDependency>
        <Required key="141" type="26" schemaName="All Accounts" displayName="All Accounts" parentSchemaName="account" parentDisplayName="Account" solution="msdynce_AppCommon (9.0.4.0066)" id="{65ffaf9a-e8c5-432d-860b-32f841b00d87}" />
        <Dependent key="142" type="60" displayName="Accounts Dashboard" parentDisplayName="Account" id="{15915835-b87c-49ec-9ffc-bfac3ac44ef1}" />
      </MissingDependency>
      <MissingDependency>
        <Required key="143" type="26" schemaName="Device associated view with alerts" displayName="Device associated view with alerts" parentSchemaName="msdyn_customerasset" parentDisplayName="Device" solution="msdyn_ConnectedCustomerService (9.0.20034.2050)" id="{38cc036f-fbfe-e911-a81c-000d3ac2c6cb}" />
        <Dependent key="64" type="60" displayName="Account for Interactive experience" parentDisplayName="Account" id="{a72c7955-442b-4ea4-9499-b10cd18b4256}" />
      </MissingDependency>
      <MissingDependency>
        <Required key="144" type="26" schemaName="Active Customer Assets" displayName="Active Customer Assets" parentSchemaName="msdyn_customerasset" parentDisplayName="Device" solution="FieldService (8.8.0.88)" id="{6ecb03a4-acda-44ae-83e3-c60ba8338dbb}" />
        <Dependent key="64" type="60" displayName="Account for Interactive experience" parentDisplayName="Account" id="{a72c7955-442b-4ea4-9499-b10cd18b4256}" />
      </MissingDependency>
      <MissingDependency>
        <Required key="145" type="26" schemaName="Active Reimbursements" displayName="Active Reimbursements" parentSchemaName="diyd365_reimbursement" parentDisplayName="Reimbursement" solution="Active" id="{687a0950-5497-4d29-8d28-df719064147c}" />
        <Dependent key="63" type="60" displayName="Patient" parentDisplayName="Contact" id="{fdf068bd-7342-46ce-be7d-58a7bd12598c}" />
      </MissingDependency>
      <MissingDependency>
        <Required key="146" type="26" schemaName="Members/Visitors" displayName="Members/Visitors" parentSchemaName="contact" parentDisplayName="Contact" solution="Active" id="{dfbcfdd5-bdbf-e911-a989-000d3a18b000}" />
        <Dependent key="147" type="60" displayName="Clinic Management" id="{ec39afc2-3cd4-e911-a98f-000d3a18b000}" />
      </MissingDependency>
      <MissingDependency>
        <Required key="148" type="59" schemaName="Consultations by Doctor" displayName="Consultations by Doctor" parentSchemaName="appointment" parentDisplayName="Appointment" solution="msdynce_AppCommon (9.0.4.0066)" id="{5a9b3a76-3d3c-4686-b37b-6c6b30af0231}" />
        <Dependent key="148" type="59" schemaName="Consultations by Doctor" displayName="Consultations by Doctor" parentSchemaName="appointment" parentDisplayName="Appointment" id="{5a9b3a76-3d3c-4686-b37b-6c6b30af0231}" />
      </MissingDependency>
      <MissingDependency>
        <Required key="149" type="59" schemaName="Consultations by Day" displayName="Consultations by Day" parentSchemaName="appointment" parentDisplayName="Appointment" solution="msdynce_AppCommon (9.0.4.0066)" id="{1bc0ff08-cb08-45d6-8fd4-e49e6b49fe91}" />
        <Dependent key="149" type="59" schemaName="Consultations by Day" displayName="Consultations by Day" parentSchemaName="appointment" parentDisplayName="Appointment" id="{1bc0ff08-cb08-45d6-8fd4-e49e6b49fe91}" />
      </MissingDependency>
      <MissingDependency>
        <Required key="150" type="59" schemaName="Consultations by Priority &amp; Patients" displayName="Consultations by Priority &amp; Patients" parentSchemaName="appointment" parentDisplayName="Appointment" solution="msdynce_AppCommon (9.0.4.0066)" id="{c99b12df-8a2b-408c-a51d-24ca2168a4a3}" />
        <Dependent key="150" type="59" schemaName="Consultations by Priority &amp; Patients" displayName="Consultations by Priority &amp; Patients" parentSchemaName="appointment" parentDisplayName="Appointment" id="{c99b12df-8a2b-408c-a51d-24ca2168a4a3}" />
      </MissingDependency>
      <MissingDependency>
        <Required key="100" type="60" displayName="Information" parentDisplayName="Account" solution="msdynce_AppCommon (9.0.4.0066)" id="{b053a39a-041a-4356-acef-ddf00182762b}" />
        <Dependent key="100" type="60" displayName="Information" parentDisplayName="Account" id="{b053a39a-041a-4356-acef-ddf00182762b}" />
      </MissingDependency>
      <MissingDependency>
        <Required key="151" type="60" displayName="Appointment" parentDisplayName="Appointment" solution="msdynce_Activities (9.0.1.2033)" id="{549a8aa3-c349-4ab9-8bac-4873fa9a7a5c}" />
        <Dependent key="151" type="60" displayName="Appointment" parentDisplayName="Appointment" id="{549a8aa3-c349-4ab9-8bac-4873fa9a7a5c}" />
      </MissingDependency>
      <MissingDependency>
        <Required key="142" type="60" displayName="Accounts Dashboard" parentDisplayName="Account" solution="msdynce_Service (9.0.5.56)" id="{15915835-b87c-49ec-9ffc-bfac3ac44ef1}" />
        <Dependent key="142" type="60" displayName="Accounts Dashboard" parentDisplayName="Account" id="{15915835-b87c-49ec-9ffc-bfac3ac44ef1}" />
      </MissingDependency>
      <MissingDependency>
        <Required key="64" type="60" displayName="Account for Interactive experience" parentDisplayName="Account" solution="msdynce_AppCommon (9.0.4.0066)" id="{a72c7955-442b-4ea4-9499-b10cd18b4256}" />
        <Dependent key="64" type="60" displayName="Account for Interactive experience" parentDisplayName="Account" id="{a72c7955-442b-4ea4-9499-b10cd18b4256}" />
      </MissingDependency>
      <MissingDependency>
        <Required key="59" type="60" displayName="Account" parentDisplayName="Account" solution="msdynce_AppCommon (9.0.4.0066)" id="{8448b78f-8f42-454e-8e2a-f8196b0419af}" />
        <Dependent key="59" type="60" displayName="Account" parentDisplayName="Account" id="{8448b78f-8f42-454e-8e2a-f8196b0419af}" />
      </MissingDependency>
      <MissingDependency>
        <Required key="152" type="60" displayName="account contact card" parentDisplayName="Contact" solution="msdynce_AppCommon (9.0.4.0066)" id="{29de27bc-a257-4f29-99cf-bab4a84e688f}" />
        <Dependent key="64" type="60" displayName="Account for Interactive experience" parentDisplayName="Account" id="{a72c7955-442b-4ea4-9499-b10cd18b4256}" />
      </MissingDependency>
      <MissingDependency>
        <Required key="152" type="60" displayName="account contact card" parentDisplayName="Contact" solution="msdynce_AppCommon (9.0.4.0066)" id="{29de27bc-a257-4f29-99cf-bab4a84e688f}" />
        <Dependent key="59" type="60" displayName="Account" parentDisplayName="Account" id="{8448b78f-8f42-454e-8e2a-f8196b0419af}" />
      </MissingDependency>
      <MissingDependency>
        <Required key="153" type="66" schemaName="MscrmControls.Canvas.CanvasControl" displayName="MscrmControls.Canvas.CanvasControl" solution="BaseCustomControlsCore (9.0.2001.4003)" />
        <Dependent key="64" type="60" displayName="Account for Interactive experience" parentDisplayName="Account" id="{a72c7955-442b-4ea4-9499-b10cd18b4256}" />
      </MissingDependency>
      <MissingDependency>
        <Required key="153" type="66" schemaName="MscrmControls.Canvas.CanvasControl" displayName="MscrmControls.Canvas.CanvasControl" solution="BaseCustomControlsCore (9.0.2001.4003)" />
        <Dependent key="59" type="60" displayName="Account" parentDisplayName="Account" id="{8448b78f-8f42-454e-8e2a-f8196b0419af}" />
      </MissingDependency>
      <MissingDependency>
        <Required key="154" type="66" schemaName="MscrmControls.CardFeedContainer.CardFeedContainer" displayName="MscrmControls.CardFeedContainer.CardFeedContainer" solution="CustomControlsCore (9.1.0000.13535)" />
        <Dependent key="59" type="60" displayName="Account" parentDisplayName="Account" id="{8448b78f-8f42-454e-8e2a-f8196b0419af}" />
      </MissingDependency>
      <MissingDependency>
        <Required key="155" type="90" schemaName="msdyncrmWorkflowTools.Class.EntityAttachmentToEmail, msdyncrmWorkflowTools, Version=1.0.56.0, Culture=neutral, PublicKeyToken=416e876b9bee261e" displayName="Entity Attachment To Email" solution="Active" id="{6a749b17-0cf5-4d1b-b9ce-98e6b494e811}" />
        <Dependent key="156" type="29" displayName="Send Email MC" id="{0871f6fa-2ca4-4bc3-ab69-ae12d5c080b2}" />
      </MissingDependency>
      <MissingDependency>
        <Required key="155" type="90" schemaName="msdyncrmWorkflowTools.Class.EntityAttachmentToEmail, msdyncrmWorkflowTools, Version=1.0.56.0, Culture=neutral, PublicKeyToken=416e876b9bee261e" displayName="Entity Attachment To Email" solution="Active" id="{6a749b17-0cf5-4d1b-b9ce-98e6b494e811}" />
        <Dependent key="157" type="29" displayName="Send Prescription" id="{bd42729e-f258-42a1-b96f-3d37016d23e8}" />
      </MissingDependency>
      <MissingDependency>
        <Required key="158" type="61" schemaName="msdyn_/Account/Account.Library.js" displayName="msdyn_/Account/Account.Library.js" solution="FieldService (8.8.0.88)" />
        <Dependent key="59" type="60" displayName="Account" parentDisplayName="Account" id="{8448b78f-8f42-454e-8e2a-f8196b0419af}" />
      </MissingDependency>
      <MissingDependency>
        <Required key="159" type="61" schemaName="msdyn_/Libraries/require/require.js" displayName="msdyn_/Libraries/require/require.js" solution="ProjectService (3.9.0.1)" />
        <Dependent key="59" type="60" displayName="Account" parentDisplayName="Account" id="{8448b78f-8f42-454e-8e2a-f8196b0419af}" />
      </MissingDependency>
      <MissingDependency>
        <Required key="160" type="61" schemaName="msdyn_/Utils/FieldServiceTrial.js" displayName="msdyn_/Utils/FieldServiceTrial.js" solution="FieldService (8.8.0.88)" />
        <Dependent key="59" type="60" displayName="Account" parentDisplayName="Account" id="{8448b78f-8f42-454e-8e2a-f8196b0419af}" />
      </MissingDependency>
      <MissingDependency>
        <Required key="161" type="61" schemaName="msdyn_/ActivityFeeds.Form.js" displayName="msdyn_/ActivityFeeds.Form.js" solution="ActivityFeedsCore (9.0.0.0)" />
        <Dependent key="100" type="60" displayName="Information" parentDisplayName="Account" id="{b053a39a-041a-4356-acef-ddf00182762b}" />
      </MissingDependency>
      <MissingDependency>
        <Required key="162" type="61" schemaName="AppCommon/Account/Account_main_system_library.js" displayName="AppCommon/Account/Account_main_system_library.js" solution="msdynce_AppCommon (9.0.4.0066)" />
        <Dependent key="100" type="60" displayName="Information" parentDisplayName="Account" id="{b053a39a-041a-4356-acef-ddf00182762b}" />
      </MissingDependency>
      <MissingDependency>
        <Required key="163" type="61" schemaName="msdyn_/ConnectedCustomerService/Account/AccountForm.js" displayName="msdyn_/ConnectedCustomerService/Account/AccountForm.js" solution="msdyn_ConnectedCustomerService (9.0.20034.2050)" />
        <Dependent key="64" type="60" displayName="Account for Interactive experience" parentDisplayName="Account" id="{a72c7955-442b-4ea4-9499-b10cd18b4256}" />
      </MissingDependency>
      <MissingDependency>
        <Required key="162" type="61" schemaName="AppCommon/Account/Account_main_system_library.js" displayName="AppCommon/Account/Account_main_system_library.js" solution="msdynce_AppCommon (9.0.4.0066)" />
        <Dependent key="64" type="60" displayName="Account for Interactive experience" parentDisplayName="Account" id="{a72c7955-442b-4ea4-9499-b10cd18b4256}" />
      </MissingDependency>
      <MissingDependency>
        <Required key="164" type="61" schemaName="msdyn_/Contact/Contact.Library.js" displayName="msdyn_/Contact/Contact.Library.js" solution="FieldService (8.8.0.88)" />
        <Dependent key="63" type="60" displayName="Patient" parentDisplayName="Contact" id="{fdf068bd-7342-46ce-be7d-58a7bd12598c}" />
      </MissingDependency>
      <MissingDependency>
        <Required key="165" type="61" schemaName="msdyn_talkingpointsloader.js" displayName="msdyn_talkingpointsloader.js" solution="msdynce_Talkingpoints (9.0.1.70921)" />
        <Dependent key="63" type="60" displayName="Patient" parentDisplayName="Contact" id="{fdf068bd-7342-46ce-be7d-58a7bd12598c}" />
      </MissingDependency>
      <MissingDependency>
        <Required key="166" type="61" schemaName="msdyn_/RecordWall.htm" displayName="msdyn_/RecordWall.htm" solution="ActivityFeedsCore (9.0.0.0)" />
        <Dependent key="100" type="60" displayName="Information" parentDisplayName="Account" id="{b053a39a-041a-4356-acef-ddf00182762b}" />
      </MissingDependency>
      <MissingDependency>
        <Required key="167" type="61" schemaName="msdyn_/Images/AppModule_Default_Icon.png" displayName="msdyn_/Images/AppModule_Default_Icon.png" solution="AppModuleWebResources (2.5)" />
        <Dependent key="168" type="80" schemaName="diyd365_PatientManagementApp" displayName="Patient Management App" />
      </MissingDependency>
    </MissingDependencies>
  </SolutionManifest>
</ImportExportXml>